StrideDuration,MinDiff_Head,MaxDiff_Head,MinDiff_Withers,MaxDiff_Withers,MinDiff_Pelvis,MaxDiff_Pelvis,HorseID,TimePoint
0.54,0.120054479862805,-4.47973488016762,13.8796139981135,0.73249165851284,13.7269028205663,0.92434651667098,A,T0
0.555,22.6481435415053,5.90640523255894,1.61044464625279,-2.18376808449814,1.91591779595717,3.0933114566569,A,T0
0.555000000000001,25.2360408323438,-2.23493378684089,4.40651987820177,-3.4320848627386,-1.11999731318685,3.11829331621522,A,T0
0.55,21.7725809847903,24.8660070180787,3.86611094649281,7.77829634452468,-2.2118679627707,8.19238187634377,A,T0
0.555,4.09382356658917,-5.94936282421089,-1.51070957330056,-3.50831247505613,1.37836376505507,-4.71225311219657,A,T0
0.550000000000001,10.1521399305207,6.33705471170549,-4.36161294591136,4.19312776687602,-4.26792854604184,4.0752254051986,A,T0
0.565,0.319439286056816,1.96942389141478,-3.26390410253848,-1.4769719595591,-5.9444975965894,0.989988995927405,A,T0
0.555000000000001,-4.53104339976718,-0.0354434488660225,-6.52716221369675,-2.07525369916164,-6.87864612956009,-4.42481978144648,A,T0
0.559999999999999,11.4642977437009,19.1170168488811,1.86335288744268,7.54754233908545,-0.611764495008728,11.9013293811646,A,T0
0.555,-11.4553937246553,5.65730266687934,-0.279390414837324,4.1645217490443,1.1117161374923,-5.76337978229941,A,T0
0.555,6.26574489468236,-16.4025981968214,-7.5977212003635,2.97107263498631,1.2563545529852,10.4088307920973,B,T0
0.555,-7.56091713911521,-23.5412787924236,-7.41852845364934,-2.16745795957937,-10.1628142314973,-6.43125191781494,B,T0
0.550000000000001,27.9544189421946,-15.7549422004275,-3.11917390745912,-1.56977890732072,-3.89235576617505,-1.69280070549265,B,T0
0.550000000000001,-2.63487322625952,-26.5325820443579,1.00628884048201,-1.22603130787876,-0.425646690926079,-2.11277183363855,B,T0
0.555,19.0408732030239,-26.6558584359151,-4.64537089901288,0.398656177983526,-3.97646761528571,-3.61347010083306,B,T0
0.550000000000001,16.0002351719067,-27.2779056154967,-4.57032206415535,5.43208476211859,-4.75994009056267,-3.65327707980652,B,T0
0.535,-1.48544964436097,-36.1237846073637,-1.1665967513781,-3.77949258449311,-4.58517061293982,0.933855644676218,B,T0
0.559999999999999,45.8876114338235,-28.7740212599732,-2.42954965883,-3.34810570185048,-13.3209490620719,1.73742715490889,B,T0
0.530000000000001,20.7904858301067,-19.6985509502542,-5.46300235584534,-1.77806393441307,-6.76117654850783,-3.23543728312024,B,T0
0.539999999999999,-3.10869844994485,-30.3424904581244,-0.10737820069958,1.22648818904826,0.358250664287464,-4.51714459871618,B,T0
0.544999999999998,15.0589080167803,-30.807719245918,-3.7690180908539,1.32398894777452,-8.58354482086103,-8.09567714680445,B,T0
0.535000000000004,-14.3473189918108,-20.7876825113051,-7.55628156752038,-4.13349805917911,-9.32553181028858,-0.704280376898474,B,T0
0.549999999999997,NaN,NaN,-8.12538079690519,-2.32289183183919,-13.307830735633,-10.9205310736816,B,T0
0.539999999999999,2.99692835268054,NaN,-0.405605670241229,2.03178576716325,-7.10411650988108,-5.50090366409395,B,T0
0.555,-8.15756555441926,-28.7602584125478,2.58017932498206,-5.21993669239473,-3.48678360933223,-8.29349282567927,B,T0
0.545000000000002,18.0122665508565,-1.44482428886417,-0.755946391361199,0.242501949691899,-2.15507397343544,-5.70438469676148,B,T0
0.560000000000002,-15.8450887897065,-37.796693890484,6.24000261910336,-3.34947491008649,3.27395864057043,-8.42960308671629,B,T0
0.57,32.3479778126049,-6.49428262166064,-2.91075007814712,4.30091885764709,-7.6520271217883,-10.2384908007044,B,T0
0.549999999999997,18.1381702717907,-15.877859886646,9.31711489323802,-3.03181035522305,1.3171674167196,-14.8606856561132,B,T0
0.560000000000002,2.2799724501828,-30.4603225662773,-1.45513705243564,-0.444484813054297,-2.49791409130187,-4.32107252596426,B,T0
0.535,-46.1183292802639,-15.5423045185337,-16.2293768827091,2.34977453691242,-17.2066812183608,-15.642061184138,C,T0
0.57,-0.119113991250401,15.4137847220898,-4.75391249937386,2.63550102949933,1.59720221689616,4.62468966796408,C,T0
0.545,-1.51197290146171,-4.67044664133529,1.44873736183166,0.241412892669675,0.44692750781731,8.01431309173796,C,T0
0.53,4.6974304106864,5.29195421035199,7.38284840225951,-2.80561377991097,3.17590128560713,0.0734575260498147,C,T0
0.53,-6.41264871312567,-7.6483469795735,1.49902438585993,0.372563004754593,0.327583996881492,-2.1921866719904,C,T0
0.575,5.93805611255681,10.1999331270683,1.19607007509723,-1.26945723961869,0.573938397247051,7.28530442846669,C,T0
0.52,-1.54983526466996,3.42858120535815,5.58520467101662,-2.09761411604489,5.30350226441451,-0.330464329031944,C,T0
0.545000000000001,-8.50332705184943,2.7003435797254,3.4973454138605,-0.983859222412423,1.18379116135613,3.15513104163875,C,T0
0.54,0.758806245095865,17.8558998241621,1.36165712141575,3.04136483510039,2.58451798611573,3.60942810315543,C,T0
0.55,-19.2600713582491,-9.55579850251164,1.48764612848312,-4.3558890782847,2.20054782724596,-5.53093843225012,C,T0
0.569999999999999,-2.53515391320779,13.8034486364978,-1.49442208564686,2.38610281711458,-2.3808637710077,12.9551214159933,C,T0
0.535,-28.0850844960696,5.64644865363915,-6.01123712079926,1.94323783767532,-2.36223754050779,1.13945486543505,C,T0
0.54,0.387276906709527,5.5688312699704,-0.669486591819581,-0.450676501262439,-1.40915029044088,11.4840176859218,C,T0
0.540000000000001,-14.9991084180676,-16.432674287786,-1.56010426639624,-0.644138482404744,1.58711641128434,6.69275012163929,C,T0
0.565,10.7542936443213,14.8121944402425,-1.46538882312271,-0.898490464115564,-4.49291300447141,9.41076606622116,C,T0
0.525,2.97713720833067,-1.46796683279196,-3.05553731982836,3.30953200597388,-1.92601149614442,4.16921518789981,C,T0
0.559999999999999,0.736500928956772,14.1905028114792,0.266379973740943,1.0366884592101,-3.77729642192696,10.1872193779058,C,T0
0.520000000000001,-9.11220671347157,-9.49175422393537,-3.46960271546679,-0.678960918764547,-0.969272559435943,1.33836769117407,C,T0
0.559999999999999,12.5620624085089,23.895874429538,-2.06257159226562,0.648204981115779,-6.93597661590636,5.60434100762416,C,T0
0.520000000000001,-23.0056880357523,-4.19486528522362,-4.93607935651385,5.67062895243783,1.23897015167155,2.12263416207378,C,T0
0.559999999999999,-0.432059046866723,1.88812709516259,-4.64431198510783,-3.26686054232756,-7.39716311306419,-0.24982052265733,C,T0
0.540000000000001,-1.76919324452189,-8.88862413293793,-3.00704001966593,-5.48847392652269,0.223092355233245,2.74980427804349,C,T0
0.549999999999999,-1.36996914017016,0.61363666330994,-5.12819073139648,3.15407734353976,-5.72559774644114,14.6427234870998,C,T0
0.540000000000001,0.34607648377747,12.2062339630039,-7.54492846205141,2.27831660583228,-11.2502081951322,0.768135389612246,C,T0
0.535,-18.3017992614806,-22.5513891972875,-10.1163393405988,-6.0718282455999,-8.05659818028709,-2.7800011128712,C,T0
0.555,13.3250817823993,15.706049780795,-11.5637348953071,-0.558329096859651,-11.9132350243053,3.81139859385915,C,T0
0.545,-18.4497542565278,3.61461560466363,-8.59283229500489,2.58199805740968,-10.807802719761,-1.92943769411293,C,T0
0.530000000000001,-9.2049819948451,-17.0587775620528,1.20098763719102,-6.00210661512816,5.16580585301647,-3.40663831330719,C,T0
0.52,7.82485122129263,7.24360200178474,7.15342299919132,1.76118693615918,6.80691757824886,-2.31609188639561,C,T0
0.560000000000002,-6.24408492842618,-7.51593372085332,0.383416250358337,-2.24044464748116,3.37030369751167,-3.62269238149568,C,T0
0.544999999999998,-0.870036302099223,-9.16671078470613,3.49244118962672,-3.81720929196635,4.69167222251384,-1.98129040493686,C,T0
0.544999999999998,17.423429461468,26.8914597448433,4.6208902245902,5.26734759734736,6.78072271410246,-1.34119355724439,C,T0
0.520000000000003,-33.7150973093587,0.253139170738214,0.275036247163907,6.47779264783508,3.471204909852,-8.70001015412424,C,T0
0.555,3.72912260952,35.305785417155,4.16973398894628,0.241621559204255,1.13042888313399,-15.5176311332128,C,T0
0.544999999999998,-30.1082699180943,3.22701912513763,-4.0458792859091,16.4325092571661,1.53609902318117,0.632944652975183,C,T0
0.495,2.64064515582541,-5.89764747453845,-7.07371596555109,-2.27421273777053,-13.690236584761,-6.57165694815538,D,T0
0.485,3.261759485885,-3.78975995219725,-2.19779149040028,0.715252640144488,-0.743378855625593,3.88302363208874,D,T0
0.495,2.2001295285637,-16.3607077625959,-3.21912891960874,-0.971789982694915,-2.68385768552381,7.36232458900394,D,T0
0.49,5.87348274568908,3.29821869861171,-1.14748008621549,2.09752302795582,-9.51604967144437,2.12211705699094,D,T0
0.48,1.30744335095449,0.510127452372,-1.7649113072696,-0.149671152949979,-2.76453206179606,1.9798758323259,D,T0
0.48,1.26097525724079,-10.1877021306735,1.49916161355321,-6.68536244561927,0.396263663786829,-0.559917824070096,D,T0
0.485,1.4785307901384,-10.1322209094633,-0.85701524848297,-2.68105709662327,-4.0978595213517,-1.1858657941632,D,T0
0.495,7.17438694913544,3.11784098681975,-1.37537932373429,3.01793880303594,-3.69679106986788,6.39090134886052,D,T0
0.485,9.3928675227685,5.54734746352516,-4.07322957283358,0.400752047605984,-6.0352760198021,4.83829939718215,D,T0
0.485,-2.5054845854239,2.79581478606243,0.765251832286259,1.71921927290237,-3.69484312683314,-1.93188632925851,D,T0
0.484999999999999,9.03042019602647,6.93891348823939,3.08602146101344,-3.05405494868324,2.99598353940416,1.8582138643326,D,T0
0.46,4.28899799799513,-0.530942226919244,3.99006305788393,-2.32816490123423,-0.943019874260647,-3.07630098238874,D,T0
0.485,-7.03587491384612,3.96815452664554,0.946001716543886,1.12784087011223,-3.25877446979043,-7.98376791140558,D,T0
0.48,2.72470705148113,2.01852783337997,1.99700683917818,-1.59941257310952,3.36722751273846,1.07513557203823,D,T0
0.47,4.16676221678652,-6.27771228093608,-1.77607672979502,-0.655004968997321,-5.73193791419073,3.32787412317086,D,T0
0.475,1.45728185534007,-7.07400251842375,-1.35449827716539,-0.134236568833733,-6.89283922310993,3.55254360353004,D,T0
0.475000000000001,-0.0323260011449484,-3.44180165892031,-2.60296119260019,-2.1070682759621,-3.89336268388231,5.69691811443294,D,T0
0.49,3.52691073043649,-2.92134600019494,-0.308649716182632,1.6115736033847,-2.2904580240169,2.54768194849828,D,T0
0.48,-4.82294023210461,-6.83066008992586,-0.735594512194551,-0.575849802206076,-3.43482045589956,0.597516967106516,D,T0
0.489999999999998,3.14518359826821,7.56594142232305,-4.46023133488038,3.66734708177532,-7.52607096291125,6.56976422713255,D,T0
0.475000000000001,-8.54933320769718,2.13028854097251,-4.66875382162539,-0.218418264043404,-4.53598032507616,-0.00533500293896871,D,T0
0.484999999999999,-3.65943167467342,-2.09020340952271,-0.549187418297198,0.832854535260292,-3.38508620186245,1.89619227552796,D,T0
0.48,11.0785884357566,0.80978128611239,2.01116017510629,-2.57235204535299,1.46368982895842,-0.0426178611804744,D,T0
0.484999999999999,0.0132631795435216,-10.0201326635127,2.95605860250535,-1.26829509106386,-0.37343856845848,-0.127058191493038,D,T0
0.484999999999999,14.8660493322332,-2.59325748809365,2.76512514911078,-1.27607769155165,0.133132338629125,7.08647437082387,D,T0
0.48,-4.31491367385357,2.12521151910871,-0.781889685062007,0.683217695983945,-4.12194886712778,-3.44554332623952,D,T0
0.48,8.17377950490762,5.33563531168823,5.79565575676982,-0.86661072262587,0.924493815211354,-2.68824584423452,D,T0
0.48,6.78409728212392,4.62654659101175,1.12485345139622,2.90744173747087,-2.52449215244354,4.1695937945265,D,T0
0.49,-4.35147837060497,-3.21246480459,-6.83289894220947,-1.59080294633792,-6.76550819724071,1.74279231157499,D,T0
0.489999999999998,7.94087133833271,6.91656060373925,-2.64524251557025,10.7575021457078,-5.85761036981978,8.71359170393293,D,T0
0.544999999999998,-0.870036302099223,-9.16671078470613,3.49244118962672,-3.81720929196635,4.69167222251384,-1.98129040493686,D,T0
0.544999999999998,17.423429461468,26.8914597448433,4.6208902245902,5.26734759734736,6.78072271410246,-1.34119355724439,D,T0
0.520000000000003,-33.7150973093587,0.253139170738214,0.275036247163907,6.47779264783508,3.471204909852,-8.70001015412424,D,T0
0.555,3.72912260952,35.305785417155,4.16973398894628,0.241621559204255,1.13042888313399,-15.5176311332128,D,T0
0.544999999999998,-30.1082699180943,3.22701912513763,-4.0458792859091,16.4325092571661,1.53609902318117,0.632944652975183,D,T0
0.530000000000001,5.94143953051757,27.6116847020707,12.7373706975794,11.2067177795503,-1.35440323523715,9.37215663981389,E,T0
0.529999999999999,13.1035207051924,17.6576420162407,-3.55820618230588,3.31910320543473,-3.04910919780024,2.02603198646801,E,T0
0.545,-14.0318392928771,-19.5071118346075,2.00272648388515,-3.51340858431286,5.0300252458621,-4.16141041616754,E,T0
0.550000000000001,8.68921117059783,28.72410158607,-4.2650706653944,-1.64468182156252,-8.63982016523786,-8.01890696185723,E,T0
0.545,-12.6020499732423,4.49488089294895,2.41279429709908,1.83614985483853,0.471068166481892,0.308150645438563,E,T0
0.550000000000001,-0.00975921779772193,-5.4316387833621,-4.96631844531582,-1.56289730947987,0.724292013762405,-1.99229375966682,E,T0
0.539999999999999,-4.33369464656713,-1.95810579129136,-1.69028122644047,0.197891925375211,-0.034819568463579,3.29384671618746,E,T0
0.540000000000001,0.622161606175549,0.510609232968843,2.3714664542212,-2.63454886308129,0.0165730281513774,0.0303218519492461,E,T0
0.539999999999999,-1.44881734501681,-5.99154876548019,-4.11688810353947,-1.82878660036093,-3.01616200015803,-0.966762050866386,E,T0
0.545,10.792433985325,-0.635860563109578,1.56954671701822,-3.9682560544204,-0.220467883618845,-0.456648067736857,E,T0
0.545,1.18080537753753,4.12410471262994,1.7676373283441,-0.0698295668796511,3.47021533982684,-2.28521363748257,E,T0
0.550000000000001,2.53722483259828,3.26134215181214,1.96676752502636,-1.39072932773067,2.477201656718,-2.89118821911693,E,T0
0.535,-5.95977890366878,-13.2367191808996,-1.31376463580028,-1.03541976812724,4.84919597863671,-2.68636097892819,E,T0
0.529999999999999,-4.61882599910868,-5.89098829879861,-0.969542589139175,-0.182430297688912,3.92306828927538,1.28604375698671,E,T0
0.540000000000001,12.8775638230992,1.32634630987408,-1.29894427619697,-2.50103521083087,-2.93736879415143,1.83106040069626,E,T0
0.550000000000001,-12.6209433474538,13.5153220024581,-0.0259800773924574,4.40958619309998,-2.94917379706841,0.702106855032589,E,T0
0.539999999999999,-2.71534139247852,4.57999906999478,-3.66539398677646,-1.61718870782108,2.25454318071379,-2.27543405212068,E,T0
0.530000000000001,-10.3810694052432,5.97460530345133,0.402339378309785,2.64490089626215,3.27970115553042,1.54093973442945,E,T0
0.539999999999999,-0.367129398154091,-7.1706504938451,1.34242588024092,-3.49322331916849,3.23439865919448,-1.83805157226869,E,T0
0.539999999999999,-4.90833728185605,7.41932704253367,1.64769828632475,2.30608761445568,0.29640289600113,0.272249043292256,E,T0
0.539999999999999,-4.2611691855693,8.55520088426785,0.836088505234947,0.949109752423094,1.10514175842223,-1.69762366295242,E,T0
0.539999999999999,-12.4194371191135,-16.9508516507887,-2.75155153131021,-0.193643456455101,-0.196251364052063,2.06724685231611,E,T0
0.555,7.10814143026438,4.14719091631558,0.364891358958232,2.07441807291804,0.451826891128398,6.65871731792721,E,T0
0.535000000000004,-8.98370155777514,1.10476928544757,-4.28330891326733,3.17890533094334,-3.44601255024253,5.47268435823634,E,T0
0.544999999999998,-13.1682449247828,-5.66834586353494,-8.24193476583176,0.301446236225265,-4.41861370294216,7.16031606914207,E,T0
0.535,7.27313980847677,12.290642031814,0.492412853919175,0.367133639485822,-2.49326799097702,-1.88472033129529,E,T0
0.535,-4.32480996962569,-5.24051311630766,1.58056204484556,-1.36958535201571,-0.199193875418906,-5.17836228674762,E,T0
0.559999999999999,-0.34375201587258,-9.13301156019072,0.0817453434380457,1.73715744884864,-1.97227285883979,5.48331131226676,E,T0
0.57,0.166820608055968,4.09394105410078,-2.67447207583537,-10.757895724507,-0.845455807832909,-5.29037676313272,E,T0
0.489999999999998,7.94087133833271,6.91656060373925,-2.64524251557025,10.7575021457078,-5.85761036981978,8.71359170393293,E,T0
0.544999999999998,-0.870036302099223,-9.16671078470613,3.49244118962672,-3.81720929196635,4.69167222251384,-1.98129040493686,E,T0
0.544999999999998,17.423429461468,26.8914597448433,4.6208902245902,5.26734759734736,6.78072271410246,-1.34119355724439,E,T0
0.520000000000003,-33.7150973093587,0.253139170738214,0.275036247163907,6.47779264783508,3.471204909852,-8.70001015412424,E,T0
0.555,3.72912260952,35.305785417155,4.16973398894628,0.241621559204255,1.13042888313399,-15.5176311332128,E,T0
0.544999999999998,-30.1082699180943,3.22701912513763,-4.0458792859091,16.4325092571661,1.53609902318117,0.632944652975183,E,T0
0.539999999999999,9.86931067078728,14.2154452017346,5.92515165955946,5.98805941139134,11.0063141451543,1.02769453646465,F,T0
0.535,-5.67215960719547,1.64705405321796,5.80036589655273,2.94357251767044,-1.31076079929047,-6.73886819673214,F,T0
0.524999999999999,6.34108030417639,12.2213459049382,7.95436302382161,2.32569554577261,-3.29356545808433,-14.5770128461535,F,T0
0.525000000000002,0.0108855011648874,4.17326348759445,4.61730760871021,1.14168916149299,1.07408033958004,-5.56350752908768,F,T0
0.539999999999999,-0.978967142408676,-6.136130404447,5.28794569778091,3.81160881619397,-3.12768077330644,-3.30788808069292,F,T0
0.544999999999998,17.5784651699765,8.34344803494021,4.22333519787477,-1.61497600306082,-6.21735884513976,-8.57844239189237,F,T0
0.525000000000002,-6.97428535053069,7.18450905362118,3.55258725444332,10.5810638832037,1.26439771636188,-1.27225467238799,F,T0
0.559999999999999,-10.3319477102686,-11.5474515037324,6.86342634543735,2.16409970339637,-0.129842293313171,-7.66797875804052,F,T0
0.550000000000001,2.21129366640963,31.3926557398933,2.72443306066702,1.05750281353761,-4.94849826697256,-8.45966794131574,F,T0
0.524999999999999,-24.9704570441992,-26.5897565537025,0.34972215571347,8.19855556072781,0.585074297718727,1.06803526363521,F,T0
0.530000000000001,9.75215584141618,6.57462523240326,6.83672139832815,1.01038660218627,-4.34799877564841,-9.51677615348669,F,T0
0.545000000000002,1.20949591274225,12.8446308153916,7.51557278860371,-0.172874333306609,-3.829654174198,-17.6607614245874,F,T0
0.57,-13.4083537913966,-24.6712782384229,6.29588945118908,2.36580330761558,4.78872957871924,1.8142820343005,F,T0
0.559999999999999,22.7656765097118,11.9505807527166,5.71673176564875,2.47251431850923,-1.90736648662369,5.63775805507514,F,T0
0.535,14.2421476781056,4.50753758223356,4.12566680153905,6.57151126722224,-0.989594814461078,-1.75874417949764,F,T0
0.52,5.08543536264471,26.8716780914068,2.86389167394681,3.64206972502942,-6.22108913949917,-7.53517945865703,F,T0
0.544999999999998,-8.50969952603302,-11.5047817337546,3.39200660113114,2.0620625563417,-2.26953646932933,-10.3106916143615,F,T0
0.535,2.47842446622849,11.1608676615059,14.4706909154411,5.8392968196102,5.10390806103901,-9.35775884126176,F,T0
0.530000000000001,-6.49851721168515,2.36542872440268,10.0654160080596,2.48223185219766,7.74600022425052,-9.37796593232417,F,T0
0.539999999999999,-0.367129398154091,-7.1706504938451,1.34242588024092,-3.49322331916849,3.23439865919448,-1.83805157226869,F,T0
0.539999999999999,-4.90833728185605,7.41932704253367,1.64769828632475,2.30608761445568,0.29640289600113,0.272249043292256,F,T0
0.539999999999999,-4.2611691855693,8.55520088426785,0.836088505234947,0.949109752423094,1.10514175842223,-1.69762366295242,F,T0
0.539999999999999,-12.4194371191135,-16.9508516507887,-2.75155153131021,-0.193643456455101,-0.196251364052063,2.06724685231611,F,T0
0.555,7.10814143026438,4.14719091631558,0.364891358958232,2.07441807291804,0.451826891128398,6.65871731792721,F,T0
0.535000000000004,-8.98370155777514,1.10476928544757,-4.28330891326733,3.17890533094334,-3.44601255024253,5.47268435823634,F,T0
0.544999999999998,-13.1682449247828,-5.66834586353494,-8.24193476583176,0.301446236225265,-4.41861370294216,7.16031606914207,F,T0
0.535,7.27313980847677,12.290642031814,0.492412853919175,0.367133639485822,-2.49326799097702,-1.88472033129529,F,T0
0.535,-4.32480996962569,-5.24051311630766,1.58056204484556,-1.36958535201571,-0.199193875418906,-5.17836228674762,F,T0
0.559999999999999,-0.34375201587258,-9.13301156019072,0.0817453434380457,1.73715744884864,-1.97227285883979,5.48331131226676,F,T0
0.57,0.166820608055968,4.09394105410078,-2.67447207583537,-10.757895724507,-0.845455807832909,-5.29037676313272,F,T0
0.489999999999998,7.94087133833271,6.91656060373925,-2.64524251557025,10.7575021457078,-5.85761036981978,8.71359170393293,F,T0
0.544999999999998,-0.870036302099223,-9.16671078470613,3.49244118962672,-3.81720929196635,4.69167222251384,-1.98129040493686,F,T0
0.544999999999998,17.423429461468,26.8914597448433,4.6208902245902,5.26734759734736,6.78072271410246,-1.34119355724439,F,T0
0.520000000000003,-33.7150973093587,0.253139170738214,0.275036247163907,6.47779264783508,3.471204909852,-8.70001015412424,F,T0
0.555,3.72912260952,35.305785417155,4.16973398894628,0.241621559204255,1.13042888313399,-15.5176311332128,F,T0
0.544999999999998,-30.1082699180943,3.22701912513763,-4.0458792859091,16.4325092571661,1.53609902318117,0.632944652975183,F,T0
0.53,15.44235645993,-11.2314253705575,-1.03343954164319,-4.94333768416558,5.12792307563522,20.2817979531895,G,T0
0.525,20.8846755998598,-0.285240410730307,-5.5833097013796,-7.29188141413737,1.62806845185978,21.4547182534092,G,T0
0.545,4.28824405962227,-14.470694481658,-9.22417776947148,-10.4567710145226,3.56435340921085,18.4303009318911,G,T0
0.54,13.3860388361476,4.29388358923097,-10.9756478468822,0.69196444632246,-6.0698028826145,15.5923330409708,G,T0
0.534999999999999,25.4148231716053,-4.66908592679401,-4.03330683242223,-6.51357499658479,5.46362977221701,17.7454217658777,G,T0
0.54,0.398906341873612,-15.479603764852,-4.44847577775126,-11.7478076439473,6.19057804436571,20.4521520955188,G,T0
0.54,21.4519399544502,-11.9667635537827,-12.9001322095874,-1.16139684176453,-8.19494362367574,28.7779624909572,G,T0
0.524999999999999,16.3487411901486,-8.03225728637686,-6.70239934746601,-12.8910147038871,-1.7275854411612,16.8100546939575,G,T0
0.545000000000002,13.4942557726177,1.03113429138206,-7.24551993796812,-10.1274629124653,3.80656852151957,14.3279754355218,G,T0
0.539999999999999,6.48044674953619,4.01264038681801,-7.8748623233167,-1.13439272763336,-0.903449538351506,27.5745743325409,G,T0
0.52,4.81768769994582,-5.78865533424331,-6.99930399553515,-13.1616188202572,2.18003520114557,21.4338885684345,G,T0
0.535,0.831833540573818,7.96214345233352,-12.5976861015251,-4.17086219535495,0.302938066288469,27.6413888785604,G,T0
0.545,2.80893661547339,-19.5796715784337,-2.97542943322274,-11.7955872522753,4.86234104970353,18.5171774794226,G,T0
0.550000000000001,38.1692758431085,9.01849173113236,-4.52861486857196,-0.499698393034048,-0.711851994669253,20.775923836767,G,T0
0.539999999999999,-2.72035423259213,-14.5057478227467,-7.93862599351309,-3.80972645389008,2.69246345139369,20.6064995972304,G,T0
0.535,18.2877522458907,4.66364003050607,-6.67814656773784,-13.1487275960623,6.11723442419886,20.2042963145301,G,T0
0.525,-3.0201419525294,-15.8374243761218,-6.27518054347106,-6.93266856583674,2.12763060068506,18.9768190845113,G,T0
0.550000000000001,13.1610222911669,4.96144627968575,-9.31490105234248,-2.8216735458587,-12.0324153969858,18.9364966756378,G,T0
0.529999999999999,0.524551290133408,-17.0383231495671,-7.5595949566251,-7.35962514019461,-1.68901100746128,23.5412927803658,G,T0
0.525,14.8483172227312,-2.23007967068028,-9.08262752343252,-11.0161934837372,-8.65866841031315,18.9874200549381,G,T0
0.540000000000001,-1.62703702395052,-10.8802268355176,-6.49193387128982,-8.25359303638762,-4.80577546600043,24.0616225465561,G,T0
0.52,23.2306182997261,-0.167649230575762,3.33630801149476,-0.52870909607492,6.03773427637263,34.2743084349185,G,T0
0.519999999999998,19.6569922235247,18.265951250962,-4.10315793256605,-11.0212915263956,-4.96786275599807,-5.88014203819603,G,T0
0.530000000000001,-0.84639883903121,-24.5540199333242,-4.14864064982621,-0.49896340058997,6.92033248349672,24.7981887356064,G,T0
0.510000000000002,19.6923052303965,-8.15677652520623,-12.1227851587067,-8.10519563070171,4.22071437598308,20.8856103829076,G,T0
0.535,6.27284638268544,7.24370392374951,-7.60297286678533,-4.78016763564535,-0.342317843270198,18.8883310917594,G,T0
0.545000000000002,8.0240163187927,-3.00744937800156,-4.397265194419,-4.29227853440955,4.62261634902808,21.0528880020914,G,T0
0.524999999999999,4.71252193371798,18.7562555294652,-6.75198493317402,-9.13621092892299,-0.337023495930561,11.634053440308,G,T0
0.524999999999999,4.77470155030239,-5.24977788746367,-0.365314135531436,-0.209201949683736,7.33737534420893,28.3681756792882,G,T0
0.524999999999999,16.0321877188779,2.75522192829072,-5.02847078646211,-7.76231157786144,7.28339214234774,19.7219971272648,G,T0
0.520000000000003,17.7600826040714,5.9589352269204,-7.85651289692299,-7.86881581887636,-3.341038510699,12.7774757025665,G,T0
0.539999999999999,-5.23032821582222,-19.437950430007,-3.15429605728763,-6.78472609096683,12.7398806262517,23.3739972515143,G,T0
0.530000000000001,26.8742858655371,-5.59060822129522,-6.1059968970247,-10.1231401519059,4.15543376764285,17.5795544702189,G,T0
0.534999999999997,19.7624332382199,-2.7016700186772,-7.70672223289822,-8.36874688286203,2.33395956080625,20.3310533696327,G,T0
0.535000000000004,1.12439827094633,-8.03364224980577,-8.33186664877824,-6.05825469583062,0.0966570611749411,23.5818405029337,G,T0
0.549999999999997,27.5824692334915,5.30444240584653,-9.04844124650617,-13.2655617314041,-1.52027068792305,21.1745231858897,G,T0
0.535,8.01475011225738,1.59738308351012,-6.10525784382881,-8.51483762332669,1.73099605793978,15.6622597514925,G,T0
0.535,0.949280854376678,-2.92597753205905,-9.20949475204883,-7.37952875317318,1.77033615495418,21.5076579397416,G,T0
0.535,9.48650557706337,1.35772216425256,-5.22185913148723,-4.05844477282449,7.26253207926185,18.996546550649,G,T0
0.535,19.0507197869316,1.08551435751163,-6.01866210777569,-4.59179777654318,3.13338057042522,12.963679979141,G,T0
0.52,3.55797671295735,-13.7173563301115,-5.14970439720885,-8.90728639455655,10.6147540143242,18.6935077826776,G,T0
0.530000000000001,16.0061034452312,3.74733818486121,-3.19393482568497,-7.22847250240425,3.40979017842359,19.6779144188134,G,T0
0.524999999999999,5.80804667079288,6.38043541717,-10.8691735585224,-8.81234763041572,1.06338306623492,17.9391235354669,G,T0
0.540000000000003,10.5990339878069,-7.49064716629641,-4.89248788662642,-7.27334438633329,4.73593783789715,24.6304708488468,G,T0
0.539999999999999,6.51915027331603,2.07394090995032,-10.6848388715541,-7.82976948584201,-1.70787375423916,17.9969993381678,G,T0
0.524999999999999,17.6135311251671,1.21278581427672,1.57718156140707,-1.5366080084822,11.2905022633973,35.5333026099119,G,T0
0.539999999999999,16.5394635610367,7.07939838456792,-7.67484690331933,-6.32459744166777,-3.26111464055753,15.5139823903606,G,T0
0.525000000000002,3.02471104022964,-14.4084472474962,-11.0729703022428,-16.2669544966828,-1.71461107894578,12.8061106269769,G,T0
0.535,-3.21794917276532,-15.0815645296469,9.77294629648702,10.244722306372,10.6497915171807,11.079492599339,H,T0
0.51,-17.7157616370405,NaN,-2.63051125310175,-3.9278023998341,3.10709891648674,-8.03805943473919,H,T0
0.52,2.06281660871904,-25.05227388144,1.04056003445717,5.22500316745485,-3.97365257398848,4.96576907387205,H,T0
0.5,-21.6759715385154,-16.6737072194209,0.565788288890234,-6.71172000761019,6.14948718247753,-9.65259702343701,H,T0
0.535,8.87760008988388,NaN,3.18191111550777,7.96732503540986,2.55798235116601,-4.25306807530678,H,T0
0.51,-24.5562821263722,-40.7632082258183,5.43795234070643,-10.7774980616402,10.9926184057218,-3.48748100142768,H,T0
0.535,17.891185836147,-15.0412775685338,-2.0876182316698,0.266429496135615,-6.29472180443008,-10.4868708935569,H,T0
0.550000000000001,15.5864462954474,-4.10589352781676,-0.552322927329778,-0.817952206556756,6.23022933105175,-1.76211990501363,H,T0
0.555,-12.2130072761566,-21.0204571723644,0.528950135445998,0.70397605223696,-2.87559089279018,-6.53384654454939,H,T0
0.535,4.97903428585377,14.893282658122,0.806574892391508,2.7048466786488,2.87662171940505,-4.7333324003007,H,T0
0.514999999999999,-12.0445757466911,-3.28365663534093,2.46632811360742,-4.33483142497818,9.14347106436636,-12.5308750745233,H,T0
0.530000000000001,-13.6747871736277,-18.5345087477268,7.75812862588595,-5.35763999572507,10.4524893888571,-2.50174940946579,H,T0
0.524999999999999,12.0108684745278,NaN,1.08120169315494,6.04954147829172,-4.69482013653922,-9.13171316213878,H,T0
0.530000000000001,-22.5396012231001,-24.8931790792069,-0.97765250984512,-0.239629318192256,6.3058850455701,0.85055529378255,H,T0
0.515000000000001,-2.88720781614237,-10.28235568289,-2.39445052908051,0.83408707113932,0.76774387274993,-1.42004824744723,H,T0
0.534999999999998,0.470384189530444,-15.5469026377593,-2.07592306794871,-0.568496067841901,-7.96920805773119,-0.84932014550505,H,T0
0.520000000000001,0.343970994917514,-23.0132526710657,2.28449998608496,2.67977646513519,2.76571449054818,-9.47624118227372,H,T0
0.525,-24.652280931967,9.13110949161907,3.76437412852923,1.92591591578937,8.3928542210536,-7.84544727430501,H,T0
0.514999999999999,-0.0277126005820989,27.0537041967683,2.87043070623188,0.832352233631237,6.64376889433636,-6.43609673535725,H,T0
0.524999999999999,-27.9386650711768,-0.596180511035055,0.181600903984364,1.78773798179721,4.93764237604648,-11.3671116643209,H,T0
0.510000000000002,-22.5851490385249,-13.3838396774318,0.265855261633019,4.09522843020914,3.36879670551558,0.353306381096434,H,T0
0.525000000000002,-11.4916422225078,6.85925778921074,-0.16979145256386,3.79419678797576,2.33058558320183,-11.2418028934614,H,T0
0.529999999999998,-17.9536384721108,4.73772879013244,3.88507162850572,6.23787287549835,11.5202154054991,-5.91447565663862,H,T0
0.530000000000001,-7.3420929747165,2.35941255755699,6.5895195374298,2.97745132046432,7.78391795998573,-2.91696888531918,H,T0
0.535,-1.81021029672873,5.61160143668841,-1.35308517139967,-0.872244488077332,0.544766875353099,-3.40719135896826,H,T0
0.530000000000001,8.50390606324706,-8.70942271399432,0.450531771958047,-4.05626393394955,1.93156789576318,-3.21381016681595,H,T0
0.534999999999997,5.20632887348972,-4.32828752777166,-4.07790344212463,-5.34768374711385,-6.4115054160034,0.645684308365913,H,T0
0.524999999999999,4.71252193371798,18.7562555294652,-6.75198493317402,-9.13621092892299,-0.337023495930561,11.634053440308,H,T0
0.524999999999999,4.77470155030239,-5.24977788746367,-0.365314135531436,-0.209201949683736,7.33737534420893,28.3681756792882,H,T0
0.524999999999999,16.0321877188779,2.75522192829072,-5.02847078646211,-7.76231157786144,7.28339214234774,19.7219971272648,H,T0
0.520000000000003,17.7600826040714,5.9589352269204,-7.85651289692299,-7.86881581887636,-3.341038510699,12.7774757025665,H,T0
0.539999999999999,-5.23032821582222,-19.437950430007,-3.15429605728763,-6.78472609096683,12.7398806262517,23.3739972515143,H,T0
0.530000000000001,26.8742858655371,-5.59060822129522,-6.1059968970247,-10.1231401519059,4.15543376764285,17.5795544702189,H,T0
0.534999999999997,19.7624332382199,-2.7016700186772,-7.70672223289822,-8.36874688286203,2.33395956080625,20.3310533696327,H,T0
0.535000000000004,1.12439827094633,-8.03364224980577,-8.33186664877824,-6.05825469583062,0.0966570611749411,23.5818405029337,H,T0
0.549999999999997,27.5824692334915,5.30444240584653,-9.04844124650617,-13.2655617314041,-1.52027068792305,21.1745231858897,H,T0
0.535,8.01475011225738,1.59738308351012,-6.10525784382881,-8.51483762332669,1.73099605793978,15.6622597514925,H,T0
0.535,0.949280854376678,-2.92597753205905,-9.20949475204883,-7.37952875317318,1.77033615495418,21.5076579397416,H,T0
0.535,9.48650557706337,1.35772216425256,-5.22185913148723,-4.05844477282449,7.26253207926185,18.996546550649,H,T0
0.535,19.0507197869316,1.08551435751163,-6.01866210777569,-4.59179777654318,3.13338057042522,12.963679979141,H,T0
0.52,3.55797671295735,-13.7173563301115,-5.14970439720885,-8.90728639455655,10.6147540143242,18.6935077826776,H,T0
0.530000000000001,16.0061034452312,3.74733818486121,-3.19393482568497,-7.22847250240425,3.40979017842359,19.6779144188134,H,T0
0.524999999999999,5.80804667079288,6.38043541717,-10.8691735585224,-8.81234763041572,1.06338306623492,17.9391235354669,H,T0
0.540000000000003,10.5990339878069,-7.49064716629641,-4.89248788662642,-7.27334438633329,4.73593783789715,24.6304708488468,H,T0
0.539999999999999,6.51915027331603,2.07394090995032,-10.6848388715541,-7.82976948584201,-1.70787375423916,17.9969993381678,H,T0
0.524999999999999,17.6135311251671,1.21278581427672,1.57718156140707,-1.5366080084822,11.2905022633973,35.5333026099119,H,T0
0.539999999999999,16.5394635610367,7.07939838456792,-7.67484690331933,-6.32459744166777,-3.26111464055753,15.5139823903606,H,T0
0.525000000000002,3.02471104022964,-14.4084472474962,-11.0729703022428,-16.2669544966828,-1.71461107894578,12.8061106269769,H,T0
0.575,6.49200997097775,2.47272611774915,1.12976059077186,2.81268456931942,6.3006256156302,-2.33411006699849,J,T0
0.56,2.01737889597814,-4.02035182907235,-3.24336248993945,-5.42714149809425,5.39058330412712,-11.3450623009492,J,T0
0.555,-0.485613739432626,-21.5146528606166,1.30061428910367,-7.21443473522888,10.7334447499169,2.04479459372644,J,T0
0.57,4.32506471569365,-13.4082148205658,0.560287889404268,-1.90584495134268,6.64198833315851,-0.228322342484894,J,T0
0.56,-6.50613474375733,-17.3907032090401,-2.48909621540467,-1.55082677758644,5.39967774725517,2.57078470438018,J,T0
0.55,16.7684518207656,-8.98627802906243,-4.33321180268148,-4.34855052875639,4.83808254308849,1.28936842164821,J,T0
0.55,-1.54308374476429,-25.3108566871766,-0.35733452641645,-2.18984610769134,3.1762393448812,-1.87807107680386,J,T0
0.59,-22.0385367499931,-5.09879632404088,-8.01298014123267,-7.02364499667177,0.768225812537292,-16.489334920008,J,T0
0.57,16.8542937438681,-43.451359363653,-11.1612278834101,1.45837161635923,2.27288808265418,0.712981273212144,J,T0
0.54,8.71961160256093,-10.2059083295841,-0.49409241745234,-4.21193166774934,3.29382554405004,-8.22306696210827,J,T0
0.545,4.46189107455161,-18.3366764438964,-5.01793626906169,-1.94196034217081,3.22551395875486,2.59871273464698,J,T0
0.545,6.34029772093932,-17.9898744187363,-0.70045023488472,-0.71339809170183,7.5702522336652,6.90958975793504,J,T0
0.555,10.0819701689065,-2.71422627573306,0.337462141026837,-7.9241827274211,10.8390036734102,-8.09686784094259,J,T0
0.565,-7.10890332290593,-30.723674398425,4.78571928724849,-4.82345273575798,11.9385481092034,-2.23741519943711,J,T0
0.58,-7.0705400915911,-16.4023618238305,-7.85437613660228,-1.76134544517213,-1.74715163687833,-0.210993765788331,J,T0
0.550000000000001,14.6350173314492,6.19377118485023,1.12296895672073,-3.90564672703393,6.64021433175678,-2.18542500177884,J,T0
0.555,-8.50769686235506,-32.6288220891179,-3.04612887501649,-6.00758620843287,0.809619945752821,-3.74131805288115,J,T0
0.57,-2.74126610641831,-13.2794337930724,-2.76184566495577,-0.143141078049133,2.59355190388364,0.683529947032547,J,T0
0.549999999999999,18.94793246363,-8.81201396282631,-3.08324169980779,-3.82710357846339,2.89728530243987,-10.4954858780431,J,T0
0.555,-1.00044835271859,-17.8674096283204,0.011903014326176,-4.41846395207529,8.39495883021322,-6.18087389035179,J,T0
0.56,3.98488857155502,-17.7595626166237,-0.0997727983030465,-3.48566416082471,7.9930294134259,-5.17857293411289,J,T0
0.56,9.81349183184152,-22.0594542746899,0.753284991575914,-4.33595388207572,10.3136946701619,-6.6898500640466,J,T0
0.555,11.0049233144026,-22.4759977030419,-2.17102960988897,-6.63256421419177,4.95714265319935,0.0892144527908414,J,T0
0.555,5.53229599715065,-29.8040606324026,-0.774709222861782,-6.01328922649501,7.84494910825918,-0.265898155853531,J,T0
0.545,3.14277922789136,-17.8516426478823,1.93240099728785,-0.574745661144828,7.73444029616604,5.75938230287871,J,T0
0.565,10.499266136864,-31.7352559544918,-7.85833226764889,-5.3645786400515,3.64455233323988,-1.89537801057573,J,T0
0.56,-19.391350379725,-17.8111202321406,-3.71990269593132,-6.03000767096157,6.8675923837877,-6.33861923029825,J,T0
0.575000000000001,38.3456420504195,-14.1213253820253,1.18562086833817,-2.0012776398068,4.27323292209083,-13.5360748891099,J,T0
0.56,-9.01602861692873,-19.0568859588311,0.333107354016768,-2.38703446101209,10.7260468520206,-3.57631849329228,J,T0
0.550000000000001,13.1614648667185,7.05164157394093,3.13640970576189,1.6460278977218,5.86694122480348,-4.41401376406166,J,T0
0.539999999999999,-4.59980104990491,-21.7924121399874,-2.48443379254035,-6.22545477676902,10.6258204000205,1.21788224350336,J,T0
0.555,1.75707636349576,-17.3367200169511,-5.27112860179308,-4.52832814961416,2.26366287911521,2.13439995091315,J,T0
0.579999999999998,12.3051518012494,-22.3860638786027,1.00917291136566,-12.7802203636946,7.575529323329,-7.60572167644332,J,T0
0.57,10.5029275254452,-1.75432720448581,2.51227723409444,-6.59418375092488,14.5855114493543,-0.5573760999721,J,T0
0.580000000000002,-10.8284734265056,-25.5409610165114,-11.6812944981567,4.29864729469015,-4.11401687273015,-0.47733822235422,J,T0
0.559999999999999,-0.431264909870333,15.2454316139848,-1.53844491935556,-4.52448790809956,12.295195770998,-11.3038121926693,J,T0
0.565000000000001,-6.75211495710394,-27.7775635756386,0.224398704454131,-6.33429692166126,10.0851781566238,1.33672419622805,J,T0
0.544999999999998,7.48379870200172,-12.679771220196,-3.92437504844191,-3.2076242560072,2.89308773429033,-1.92952065052261,J,T0
0.539999999999999,9.11933160570948,1.58929948587554,1.29818735382698,-0.474877808312542,9.37947371481642,1.0104906752734,J,T0
0.560000000000002,-7.39694889792404,-31.1370963585953,3.28675619608945,-12.0769294920024,17.7398607879841,-8.7461708142933,J,T0
0.57,3.07792539690634,-5.67812078326641,-0.220567939135009,-2.60895819372736,9.78358768821255,5.43739190708115,J,T0
0.559999999999999,9.33566804830068,-24.1216609510374,3.52390995147281,-8.29450783878499,10.754977540261,-6.94523313303199,J,T0
0.550000000000001,5.17545949633861,-19.1169830481304,0.900961000378061,-5.12651423179939,11.3303311687844,3.70557419432072,J,T0
0.555,10.1825054690177,-17.4658486460478,-2.06927402160228,-3.16739897404533,3.74444352924661,0.0928659012462774,J,T0
0.550000000000001,4.20905150707592,-16.150550261019,-4.34409404770932,-7.02241844172346,1.79096220293106,-1.41666395639366,J,T0
0.559999999999999,0.546744133241333,-18.7795136430526,-2.00263139410329,-2.02836326026545,4.30739580504622,0.0813785070916264,J,T0
0.565000000000001,1.05859889723114,-7.90131011879536,-4.33574924101202,-6.09110648748353,7.76900751026115,-0.616569120453253,J,T0
0.565000000000001,-8.68681783035689,-15.3357111766802,-3.74461583300964,-1.39904260998056,-1.2623950016535,-2.79079891778192,J,T0
0.555,-0.0810800289438234,-21.2378738866178,-2.13487946081164,-4.29568175951112,3.445422948496,0.921997537226391,J,T0
0.549999999999997,-0.088698908661474,3.91608805667821,-3.13258376701564,1.83982628894214,4.95843426736019,0.67982069678747,J,T0
0.560000000000002,-4.32086595410697,-17.9896018729517,-1.09402270160878,-4.03166776969281,7.83310364651205,-0.636109655580661,J,T0
0.559999999999999,-3.23665272279289,-7.31759468303168,-4.5533695142747,-6.98862144250702,-1.30586288100971,-5.25870083714587,J,T0
0.560000000000002,-1.71545769330107,-2.25625700483138,-1.24170772104703,8.43574564429965,7.3305500164142,18.6068635442706,J,T0
0.525,14.0572288659508,-2.32410962485514,5.51755466357758,0.511217270767551,9.29942239814807,9.12040020176078,K,T0
0.535,0.8385104562292,-9.021913222756,1.56309748180649,0.21705969336562,2.1971316998093,8.85241205600385,K,T0
0.54,23.3435891493244,-12.5906506201708,6.94984074650463,-5.63998889417062,2.16115764905621,3.4523776253733,K,T0
0.535,13.307529815053,-0.715972329827999,6.71969981681733,1.01331724460039,11.2294646685439,0.876993247490404,K,T0
0.515,-2.85164585618381,-20.2862958950642,6.86857824700995,-3.69348881156532,14.5447022127606,4.2369520686377,K,T0
0.52,19.7377437954529,7.08081831391224,1.26061024935474,-2.22440177005067,2.43577641138309,7.76518754076591,K,T0
0.53,-5.10513912699862,-29.6544589962904,0.793728674014,-4.85060206173126,-2.25280681376283,6.50068954961259,K,T0
0.535,-5.44679176401655,18.2664477811987,-2.42827973422954,5.00420921514826,-8.07374841622918,5.01476581779922,K,T0
0.515,27.7090213637086,-0.848332929455829,-1.88658658341805,2.62082448020033,-2.50273038861384,11.971066158649,K,T0
0.53,-3.83962310242817,-14.7005447518697,-2.93962091345031,-0.820352870570371,-13.0384914674226,7.28478403196715,K,T0
0.529999999999999,-9.93176010426203,14.8619858246195,-0.845941280613774,-6.48180837548963,-2.79519351423097,-0.815636541835229,K,T0
0.52,8.27743807422892,8.16882009758337,0.728514781644947,2.83130922737074,-2.55382906191133,9.62698399343733,K,T0
0.515,-16.689082422178,-24.4342403463238,-0.32743140376286,-6.45265168887545,-4.71728737087641,4.14475063293725,K,T0
0.52,11.5052633429915,0.254111349299253,-0.0228153020890449,-3.51263909984253,-2.00850817805394,4.07365845382562,K,T0
0.515000000000001,8.16555869751904,-12.1893034037658,5.56626159888094,-1.78810290928819,5.45797864487639,5.87639267960066,K,T0
0.529999999999999,-3.01804994565304,-24.5792906967605,3.53160231894937,-4.00094354560416,7.29250339577731,5.45144592902131,K,T0
0.525,20.3838581507035,-3.90801676219802,4.33136729890911,-1.92590086271612,3.10610711670715,6.05855415941748,K,T0
0.525,8.9303393371396,-10.7654679166487,5.63456980840957,-2.52811422750344,5.66493917940829,7.08766067290074,K,T0
0.524999999999999,8.57553945718434,-10.1687247740189,5.78281499323248,-7.43858165015167,6.57614815450905,1.71952458782118,K,T0
0.540000000000001,5.30314849727327,-6.80420357677414,2.20969464146991,-2.17349323682833,3.06030956995864,3.81824651415475,K,T0
0.535,-1.56970402726168,-25.1041650311709,10.3390188965523,-10.5601520351157,20.7896914994755,-3.39352299516759,K,T0
0.514999999999999,16.9559756930279,-7.74190266470879,3.51566467092801,2.58925415761721,13.5908137918674,-0.589219683177229,K,T0
0.530000000000001,0.942571484635572,-12.2799735814382,13.0183680687984,-3.91102741770249,17.7297433536067,6.71781728516303,K,T0
0.525,2.38631765691664,-17.8522004978217,2.61559219520036,-4.84871036557234,0.447387372801611,4.81145471730518,K,T0
0.545,24.8409604443449,3.83822699172362,-2.94510441004296,-3.05396808554458,-2.08363259571688,1.99941132460213,K,T0
0.529999999999999,-4.31469815080251,-23.0418018905362,2.9786314658718,-5.4618274655384,0.386962038962997,8.8581073258292,K,T0
0.525,-0.681671518697236,-0.412298157988486,-2.62458577772703,-3.30400023942327,-2.5998464602334,6.64706971295673,K,T0
0.540000000000001,7.15868146792536,-15.6926000250978,-0.858992702292205,-2.1709689887162,0.818271060910154,6.44925899264765,K,T0
0.524999999999999,1.15177145276128,-21.8940892873138,4.31152848868322,-9.99991826595956,4.96557285173193,4.04276187426577,K,T0
0.535,31.2483899029085,2.90853508445829,5.92759562375409,-0.238812323222634,3.78569689158262,12.148071378828,K,T0
0.52,NaN,NaN,7.71619191974358,-2.12216801233757,4.97363755779563,14.3031679480256,K,T0
0.525000000000002,56.7099883608578,43.8989220075722,-0.423950453995081,-1.82810254685174,-3.37064681139876,-2.00206356590475,K,T0
0.515000000000001,-20.2065750581778,-44.1919878896571,2.47460568950551,-6.36863588358645,5.30989362786907,6.68294577169734,K,T0
0.515000000000001,10.9957129542698,-8.96558173217876,7.61216209796482,-4.57654636808241,8.55066775553832,6.47967763944733,K,T0
0.524999999999999,7.94750232609554,-9.09631301026266,-0.229850649120323,-2.57573259338127,-2.63599053400561,7.8632859273684,K,T0
0.515000000000001,1.56883913648919,-15.0087150435145,1.46614427956471,-7.35284513746593,-0.569405554043248,1.77968777205657,K,T0
0.530000000000001,16.8019046742842,2.39325254775438,3.7309511115903,-1.86424095803874,2.8180236611789,3.56426351438306,K,T0
0.524999999999999,-4.87460356194713,-13.8696998229585,6.09851214054584,-5.0249495478471,4.68220590017776,1.35538900113277,K,T0
0.515000000000001,9.2994680492556,-8.56711144302704,6.98749097113036,-2.23985728578629,12.8217303229041,2.8815459846435,K,T0
0.534999999999997,10.9090426626053,-14.2362870687044,7.9183599999528,-2.23845257730403,11.8128131135284,9.44519998023528,K,T0
0.535000000000004,-0.44328464858949,-11.8701206208659,3.53343578521954,-0.952231082216588,1.65090508037055,8.18175744759814,K,T0
0.534999999999997,12.3266886879801,-14.9317869111616,5.2714030606041,-1.0906218774699,3.71900884862068,9.14957253248694,K,T0
0.530000000000001,3.62190078602199,-11.6466113273564,8.78959703213396,-2.15239049080702,4.46308041294488,3.95552772864221,K,T0
0.539999999999999,2.65478866092782,-4.41512224532337,2.03076242436876,-2.4582438430485,1.45405274629322,6.93835182876797,K,T0
0.539999999999999,1.90766617021187,-28.894825134313,3.57025649338019,-9.29358223987646,4.1331958202841,1.25643322239861,K,T0
0.530000000000001,3.66595816097632,1.00977524638644,1.33896775100566,0.547748031767181,1.3177688063491,7.05360997535664,K,T0
0.535,2.70715268778742,-25.5082216785113,-8.90615891665314,-7.47264147463795,-8.38596962965869,10.2638397916152,K,T0
0.540000000000003,2.99600914205135,-13.4723186168853,0.755284579438554,2.43679469427952,5.72267368210441,0.959933777782634,K,T0
0.534999999999997,0.456290734219163,-11.2445527847417,-0.129993161793816,-0.597589786697554,8.4071393846769,9.06513657054043,K,T0
0.545000000000002,2.99773096493935,-9.44313432110003,-6.43574259338608,1.13926678723365,-2.90616211411269,13.1258262846461,K,T0
0.545000000000002,6.95021247633263,-15.8197492594471,1.51735972905192,-5.00313602329629,-1.61546161381112,5.44629211528786,K,T0
0.524999999999999,5.40052028692613,-16.0652436277597,-1.27275953353476,-0.802360958963648,-1.51668407324866,10.9298731497806,K,T0
0.535,17.165409565652,-1.44263088542614,-1.80877605829135,-6.53300481280433,-6.50337573309868,6.79615396435775,K,T0
0.535,-0.859581692385884,-11.2434242598195,3.93818022833567,-5.51370086056219,2.94902717304005,4.49258011627458,K,T0
0.52,5.72638912196696,-17.5708607732673,-0.0500835664273342,-1.61723850510131,4.42169794852318,6.30055955459475,K,T0
0.540000000000001,-0.654332937879317,-9.44020603969289,-4.90757440904403,-3.36701723108528,1.15767524208693,-1.81679112757079,L,T0
0.524999999999999,0.645664560079801,4.91595974709698,5.15756388167585,0.00504941900392097,8.69652187467493,-0.126731118717625,L,T0
0.530000000000001,-13.5111209154243,9.61256106341534,3.57228429868631,1.12732301106638,2.989275748496,-4.09680018603452,L,T0
0.545,19.441826796666,-7.1010380036119,3.60835020757434,-2.90382544121121,6.43173828568908,-1.77636675918323,L,T0
0.515000000000001,-0.600984672297532,5.08301118576711,4.23185902848503,-0.405271995527034,7.79736350302661,-0.223768698925959,L,T0
0.514999999999999,-2.49431922818465,-4.57498947847202,3.29478544408002,-0.655107543725386,6.8927731481911,0.548244585193077,L,T0
0.530000000000001,25.2347544639879,-14.6895557721707,3.10407862146475,1.58787088083578,0.624628946821025,3.05374654786868,L,T0
0.539999999999999,18.4067517983172,-9.81636668002389,1.914835930434,-0.406750839214876,4.58196143780844,-3.61154219734133,L,T0
0.490000000000002,-5.300484948619,-5.75845695960896,6.13468749538726,-4.07681023400553,6.60077625328801,3.04661457893905,L,T0
0.555,-9.39447048142206,-1.89521098118436,3.16259215874359,0.74706456038839,5.80966487985748,-0.875030534956437,L,T0
0.5,-11.4388290826399,8.99141419494352,0.171948785667491,-3.04209418671792,7.19510741472559,5.46342645429397,L,T0
0.545000000000002,-12.6318992266906,7.29837046308711,6.16963839957584,-1.95706495817709,8.19167881933971,-2.23910554031196,L,T0
0.519999999999996,-6.66402678088757,8.76939658199665,3.79964152459187,-1.19339560243738,5.43568220921221,3.62892596965171,L,T0
0.555,2.73110633395812,-5.57969841472982,1.85930962266145,-1.20963617338007,3.03642527045303,-0.295728822334983,L,T0
0.520000000000003,5.53965397923191,16.5094711533805,3.78194483418318,-4.11891693683347,6.03989439849328,-2.84146962857291,L,T0
0.52,-23.4695485550103,-7.71451068436075,3.93642800019631,1.78371611800002,8.27134144435406,-5.27199799471672,L,T0
0.529999999999998,15.2888409115963,4.17664511330916,0.811714631187265,-1.97300107482807,3.0661531528562,-1.15983089577752,L,T0
0.525000000000002,10.3673820373312,-15.1171823337498,0.43182060575193,-1.79033445000138,2.29267676525886,-1.46070051806422,L,T0
0.52,7.22545418712085,3.95544100257125,1.21047075719888,4.01017729975423,0.232671729435463,0.573003035520795,L,T0
0.535,7.22324290432014,7.75464040485487,5.81329456892034,6.40081976302183,5.19435889385232,-1.22014730445865,L,T0
0.515000000000001,-3.22099196679035,1.15486700081066,1.44335514658829,0.279437663494747,9.58590078061891,-4.81945192645989,L,T0
0.529999999999998,-17.9164769799054,1.42508011426108,0.287231210037451,-1.84175134684548,6.42385944248133,-4.19127719954519,L,T0
0.520000000000003,-1.72150641465588,-11.3071034534553,2.87431403593929,4.26653713066181,7.07717974796353,-2.8359001220462,L,T0
0.549999999999997,4.79180444961821,-8.65274671047185,3.12756848619855,2.06055227898194,5.7674529651403,2.48403083933842,L,T0
0.525000000000002,-3.20100055981436,10.3504783787319,4.69919970528218,1.27886371286073,8.39043170168254,6.93592834609831,L,T0
0.524999999999999,9.13145139401837,-17.4693394952874,3.80222590314432,-0.740533133050491,4.16252375227903,2.35488223257873,L,T0
0.52,-10.413962424134,-9.61484049812674,2.41941323958799,2.23258574377931,4.52474719023771,4.93526150515845,L,T0
0.545000000000002,25.8195288150648,7.98402687413673,2.20152325993374,0.864147869986539,1.51678665302502,1.83982004276678,L,T0
0.515000000000001,-16.1018938331783,-26.6493541435183,2.50343968197878,-2.29864228288783,6.75409998598103,-0.76912182847513,L,T0
0.535,18.681013083376,11.3063833513315,-0.115048519197611,0.146796381285551,2.90097908105815,-6.308883011763,L,T0
0.544999999999998,7.14892866094032,-1.51274978903722,0.114572531616727,0.633306791840479,1.3647058866595,-3.495315051423,L,T0
0.504999999999999,1.444315437082,-0.921950711509774,0.74337440109856,0.908878762795176,2.57756319457993,8.6132730288241,L,T0
0.539999999999999,-12.1354598711859,-4.46341605139118,-4.35577700120979,0.428183642051511,-1.69918635840333,1.86257961304557,L,T0
0.535,8.42377115822061,5.51330040039655,5.47554417308743,7.4191029237857,5.49671509375231,0.507730088973478,L,T0
0.52,10.9286255875449,0.4823141896742,5.27851505389406,0.651289481668364,6.07006389630606,8.95799806401569,L,T0
0.515000000000001,9.2994680492556,-8.56711144302704,6.98749097113036,-2.23985728578629,12.8217303229041,2.8815459846435,L,T0
0.534999999999997,10.9090426626053,-14.2362870687044,7.9183599999528,-2.23845257730403,11.8128131135284,9.44519998023528,L,T0
0.535000000000004,-0.44328464858949,-11.8701206208659,3.53343578521954,-0.952231082216588,1.65090508037055,8.18175744759814,L,T0
0.534999999999997,12.3266886879801,-14.9317869111616,5.2714030606041,-1.0906218774699,3.71900884862068,9.14957253248694,L,T0
0.530000000000001,3.62190078602199,-11.6466113273564,8.78959703213396,-2.15239049080702,4.46308041294488,3.95552772864221,L,T0
0.539999999999999,2.65478866092782,-4.41512224532337,2.03076242436876,-2.4582438430485,1.45405274629322,6.93835182876797,L,T0
0.539999999999999,1.90766617021187,-28.894825134313,3.57025649338019,-9.29358223987646,4.1331958202841,1.25643322239861,L,T0
0.530000000000001,3.66595816097632,1.00977524638644,1.33896775100566,0.547748031767181,1.3177688063491,7.05360997535664,L,T0
0.535,2.70715268778742,-25.5082216785113,-8.90615891665314,-7.47264147463795,-8.38596962965869,10.2638397916152,L,T0
0.540000000000003,2.99600914205135,-13.4723186168853,0.755284579438554,2.43679469427952,5.72267368210441,0.959933777782634,L,T0
0.534999999999997,0.456290734219163,-11.2445527847417,-0.129993161793816,-0.597589786697554,8.4071393846769,9.06513657054043,L,T0
0.545000000000002,2.99773096493935,-9.44313432110003,-6.43574259338608,1.13926678723365,-2.90616211411269,13.1258262846461,L,T0
0.545000000000002,6.95021247633263,-15.8197492594471,1.51735972905192,-5.00313602329629,-1.61546161381112,5.44629211528786,L,T0
0.524999999999999,5.40052028692613,-16.0652436277597,-1.27275953353476,-0.802360958963648,-1.51668407324866,10.9298731497806,L,T0
0.535,17.165409565652,-1.44263088542614,-1.80877605829135,-6.53300481280433,-6.50337573309868,6.79615396435775,L,T0
0.535,-0.859581692385884,-11.2434242598195,3.93818022833567,-5.51370086056219,2.94902717304005,4.49258011627458,L,T0
0.52,5.72638912196696,-17.5708607732673,-0.0500835664273342,-1.61723850510131,4.42169794852318,6.30055955459475,L,T0
0.545000000000002,9.13912715037514,-4.43762526185853,16.8550094328547,13.8715372459997,-6.8827512166876,15.0164320337781,M,T0
0.565,27.6187212902567,17.924323010829,-0.786417111921195,-0.147210340414954,-8.37648953430365,-7.42681632182333,M,T0
0.574999999999999,-26.855125121764,-21.6347133485312,4.93455822478406,5.70509985240988,-7.01129222168516,9.34346230895187,M,T0
0.57,12.9113908353566,18.3446276398913,5.39745844557418,13.0386918358929,-2.80832440581089,14.7439980688175,M,T0
0.585000000000001,-8.62482494675582,-17.2345140557089,-5.73728039409032,0.576381014008534,-15.5758617183912,6.68360792836142,M,T0
0.58,-9.29309354286261,-1.12702263619062,6.38671326982342,15.0155503111709,-4.4216103847767,11.249919480481,M,T0
0.58,30.6156992628768,-8.21082144500341,-5.15860940870633,-15.3214706852033,-12.5428849951441,-2.89220747559415,M,T0
0.600000000000001,-4.43056950972824,-8.59244022706285,7.26029656476593,14.1737615618348,0.77156661923598,7.18593066778683,M,T0
0.594999999999999,2.09007343587986,-8.32223329905027,0.616935748639492,11.0868963626747,-1.76204133751879,16.3361844672336,M,T0
0.575000000000003,11.0958045101904,-3.31388416949378,2.75942036376563,5.44333566427606,-8.22340442964596,-2.2893680703694,M,T0
0.589999999999996,-9.98540829632886,8.59800891445478,2.11122309348523,6.39170963533752,-3.04850911715862,0.858302384400869,M,T0
0.600000000000001,7.28231778568013,-2.85753550806067,2.39931938077799,7.92959464574134,-5.1089797623003,10.0601767387824,M,T0
0.610000000000003,7.13737621815779,-7.43342279722983,1.01122088367954,3.23711434943073,-2.80933284825914,13.6067485627329,M,T0
0.594999999999999,6.66857151941699,-5.78369321923405,-1.62333279212575,-0.132927788790603,-8.53481941632145,2.15485048933792,M,T0
0.59,13.5835891712159,-8.74348411121817,10.7228454746284,-0.108883729069824,-4.82237456132453,-8.05090586998458,M,T0
0.600000000000001,8.97119902020862,-18.8414340681338,2.78061420692133,-9.99257333050199,0.790232964737424,6.11615193420241,M,T0
0.609999999999999,18.2978789043852,7.01372178407867,3.77279268702694,9.58641952661071,-10.4061834141788,16.8734753894617,M,T0
0.579999999999998,-0.406884514830903,-2.49447646080057,4.44276674993272,8.92152245136433,0.816599207306112,3.42988167425304,M,T0
0.620000000000001,-7.30936483017815,-10.6891809937039,-11.6769791188457,-2.60285879715175,-15.2468062025369,12.647699949341,M,T0
0.600000000000001,5.02983992714164,-20.1141367384805,-6.81796257490939,-9.88911242264409,-18.1707971013428,-9.84215986233699,M,T0
0.599999999999998,5.92587086708451,-7.53294486327188,-7.01502203445236,3.20797746863548,-13.6270437581657,2.50280467648695,M,T0
0.590000000000003,-8.28890500276957,-6.61473635243314,-1.34362645108024,7.9382606640613,-6.05115594788455,10.5061832293049,M,T0
0.609999999999999,2.22621477252813,-3.64501698429125,0.951310220500396,6.89102967226668,-4.44014312495918,10.8642892756839,M,T0
0.594999999999999,15.9985712474686,-10.1438377854295,3.3326251349647,0.135548139845763,-7.93925213961545,4.5662071816308,M,T0
0.600000000000001,-12.5942207103576,-19.0415825651208,-1.64652856753717,-1.11416185714996,-8.39615377315075,2.54867948472837,M,T0
0.585000000000001,33.2677309612932,10.2702169635716,12.4150824847912,7.22944262757311,12.2870767967067,15.6211314360276,M,T0
0.504999999999999,1.444315437082,-0.921950711509774,0.74337440109856,0.908878762795176,2.57756319457993,8.6132730288241,M,T0
0.539999999999999,-12.1354598711859,-4.46341605139118,-4.35577700120979,0.428183642051511,-1.69918635840333,1.86257961304557,M,T0
0.535,8.42377115822061,5.51330040039655,5.47554417308743,7.4191029237857,5.49671509375231,0.507730088973478,M,T0
0.52,10.9286255875449,0.4823141896742,5.27851505389406,0.651289481668364,6.07006389630606,8.95799806401569,M,T0
0.515000000000001,9.2994680492556,-8.56711144302704,6.98749097113036,-2.23985728578629,12.8217303229041,2.8815459846435,M,T0
0.534999999999997,10.9090426626053,-14.2362870687044,7.9183599999528,-2.23845257730403,11.8128131135284,9.44519998023528,M,T0
0.535000000000004,-0.44328464858949,-11.8701206208659,3.53343578521954,-0.952231082216588,1.65090508037055,8.18175744759814,M,T0
0.534999999999997,12.3266886879801,-14.9317869111616,5.2714030606041,-1.0906218774699,3.71900884862068,9.14957253248694,M,T0
0.530000000000001,3.62190078602199,-11.6466113273564,8.78959703213396,-2.15239049080702,4.46308041294488,3.95552772864221,M,T0
0.539999999999999,2.65478866092782,-4.41512224532337,2.03076242436876,-2.4582438430485,1.45405274629322,6.93835182876797,M,T0
0.539999999999999,1.90766617021187,-28.894825134313,3.57025649338019,-9.29358223987646,4.1331958202841,1.25643322239861,M,T0
0.530000000000001,3.66595816097632,1.00977524638644,1.33896775100566,0.547748031767181,1.3177688063491,7.05360997535664,M,T0
0.535,2.70715268778742,-25.5082216785113,-8.90615891665314,-7.47264147463795,-8.38596962965869,10.2638397916152,M,T0
0.540000000000003,2.99600914205135,-13.4723186168853,0.755284579438554,2.43679469427952,5.72267368210441,0.959933777782634,M,T0
0.534999999999997,0.456290734219163,-11.2445527847417,-0.129993161793816,-0.597589786697554,8.4071393846769,9.06513657054043,M,T0
0.545000000000002,2.99773096493935,-9.44313432110003,-6.43574259338608,1.13926678723365,-2.90616211411269,13.1258262846461,M,T0
0.545000000000002,6.95021247633263,-15.8197492594471,1.51735972905192,-5.00313602329629,-1.61546161381112,5.44629211528786,M,T0
0.524999999999999,5.40052028692613,-16.0652436277597,-1.27275953353476,-0.802360958963648,-1.51668407324866,10.9298731497806,M,T0
0.535,17.165409565652,-1.44263088542614,-1.80877605829135,-6.53300481280433,-6.50337573309868,6.79615396435775,M,T0
0.535,-0.859581692385884,-11.2434242598195,3.93818022833567,-5.51370086056219,2.94902717304005,4.49258011627458,M,T0
0.52,5.72638912196696,-17.5708607732673,-0.0500835664273342,-1.61723850510131,4.42169794852318,6.30055955459475,M,T0
0.565000000000001,39.3028076998092,-15.915916231655,-0.445700193534877,-2.335883040504,0.18236849970889,14.6276516174169,N,T0
0.574999999999999,43.0903779339426,-13.4746125863915,-8.01935790620185,-9.96491990434255,-8.29485988058065,-7.68367120133149,N,T0
0.550000000000001,28.6100417761586,-10.4616518993094,-4.99294570887482,-7.65533907188708,-4.48893596724466,-6.88369158253943,N,T0
0.555,23.900845982547,-10.6336511765132,-8.11149822228831,-6.34566160892085,-5.17949565277959,-7.54952203132511,N,T0
0.555,-18.7205782651893,-29.1370620086443,-5.43354115142159,-4.45644470293878,3.26392437478139,1.65337514091896,N,T0
0.555,21.9005718290232,3.16584661343042,-7.64394213438068,-2.86164522535829,-5.2851651374677,-3.2496637872878,N,T0
0.555,20.8121510445137,-13.4962016873617,0.65466583086998,-7.67585598315859,2.57752451634286,-8.1879757041278,N,T0
0.555,-16.2383452132282,-17.4351209849644,-5.97327452772493,-4.28023003028665,-5.65421385238396,-16.9199072824667,N,T0
0.565000000000001,17.6597412727297,-11.3743458781668,1.48559103613785,-5.27670215319243,-5.3585861664063,-6.30724362867978,N,T0
0.555,9.49372920536678,3.27531802618682,0.230636414941195,-1.70041972589643,4.31378908176671,-5.40924777028362,N,T0
0.585000000000001,-18.4425900912647,-14.8671806763935,-9.48324980272819,-4.69026938866847,-15.9520301984037,-7.53942599568496,N,T0
0.555,-5.76478437837299,-4.65299317868411,-2.3649164297863,4.64635799988912,3.60510775651569,11.6078517705646,N,T0
0.555,7.27181281207277,-12.8680551379534,-2.51010517182284,-11.1094303431113,-7.47140025429957,-11.5792132162279,N,T0
0.550000000000001,14.5860990259697,-9.52827906908928,0.854492617238064,-7.06162827529479,0.4844466969591,-3.47965327630254,N,T0
0.550000000000001,-3.54837817261909,-12.1184327863747,0.445562500839566,-8.15258958738295,6.69663399082932,2.3882105435252,N,T0
0.564999999999998,-3.31419474747452,-11.1274027583242,-1.9500708422445,3.83994507727199,-5.77385341936988,3.30517389875308,N,T0
0.550000000000001,13.5520597988076,-0.272762677596184,-0.502929031899582,-3.29539750839555,-0.24952224845871,5.85405316801851,N,T0
0.594999999999999,6.66857151941699,-5.78369321923405,-1.62333279212575,-0.132927788790603,-8.53481941632145,2.15485048933792,N,T0
0.59,13.5835891712159,-8.74348411121817,10.7228454746284,-0.108883729069824,-4.82237456132453,-8.05090586998458,N,T0
0.600000000000001,8.97119902020862,-18.8414340681338,2.78061420692133,-9.99257333050199,0.790232964737424,6.11615193420241,N,T0
0.609999999999999,18.2978789043852,7.01372178407867,3.77279268702694,9.58641952661071,-10.4061834141788,16.8734753894617,N,T0
0.579999999999998,-0.406884514830903,-2.49447646080057,4.44276674993272,8.92152245136433,0.816599207306112,3.42988167425304,N,T0
0.620000000000001,-7.30936483017815,-10.6891809937039,-11.6769791188457,-2.60285879715175,-15.2468062025369,12.647699949341,N,T0
0.600000000000001,5.02983992714164,-20.1141367384805,-6.81796257490939,-9.88911242264409,-18.1707971013428,-9.84215986233699,N,T0
0.599999999999998,5.92587086708451,-7.53294486327188,-7.01502203445236,3.20797746863548,-13.6270437581657,2.50280467648695,N,T0
0.590000000000003,-8.28890500276957,-6.61473635243314,-1.34362645108024,7.9382606640613,-6.05115594788455,10.5061832293049,N,T0
0.609999999999999,2.22621477252813,-3.64501698429125,0.951310220500396,6.89102967226668,-4.44014312495918,10.8642892756839,N,T0
0.594999999999999,15.9985712474686,-10.1438377854295,3.3326251349647,0.135548139845763,-7.93925213961545,4.5662071816308,N,T0
0.600000000000001,-12.5942207103576,-19.0415825651208,-1.64652856753717,-1.11416185714996,-8.39615377315075,2.54867948472837,N,T0
0.585000000000001,33.2677309612932,10.2702169635716,12.4150824847912,7.22944262757311,12.2870767967067,15.6211314360276,N,T0
0.504999999999999,1.444315437082,-0.921950711509774,0.74337440109856,0.908878762795176,2.57756319457993,8.6132730288241,N,T0
0.539999999999999,-12.1354598711859,-4.46341605139118,-4.35577700120979,0.428183642051511,-1.69918635840333,1.86257961304557,N,T0
0.535,8.42377115822061,5.51330040039655,5.47554417308743,7.4191029237857,5.49671509375231,0.507730088973478,N,T0
0.52,10.9286255875449,0.4823141896742,5.27851505389406,0.651289481668364,6.07006389630606,8.95799806401569,N,T0
0.515000000000001,9.2994680492556,-8.56711144302704,6.98749097113036,-2.23985728578629,12.8217303229041,2.8815459846435,N,T0
0.534999999999997,10.9090426626053,-14.2362870687044,7.9183599999528,-2.23845257730403,11.8128131135284,9.44519998023528,N,T0
0.535000000000004,-0.44328464858949,-11.8701206208659,3.53343578521954,-0.952231082216588,1.65090508037055,8.18175744759814,N,T0
0.534999999999997,12.3266886879801,-14.9317869111616,5.2714030606041,-1.0906218774699,3.71900884862068,9.14957253248694,N,T0
0.530000000000001,3.62190078602199,-11.6466113273564,8.78959703213396,-2.15239049080702,4.46308041294488,3.95552772864221,N,T0
0.539999999999999,2.65478866092782,-4.41512224532337,2.03076242436876,-2.4582438430485,1.45405274629322,6.93835182876797,N,T0
0.539999999999999,1.90766617021187,-28.894825134313,3.57025649338019,-9.29358223987646,4.1331958202841,1.25643322239861,N,T0
0.530000000000001,3.66595816097632,1.00977524638644,1.33896775100566,0.547748031767181,1.3177688063491,7.05360997535664,N,T0
0.535,2.70715268778742,-25.5082216785113,-8.90615891665314,-7.47264147463795,-8.38596962965869,10.2638397916152,N,T0
0.540000000000003,2.99600914205135,-13.4723186168853,0.755284579438554,2.43679469427952,5.72267368210441,0.959933777782634,N,T0
0.534999999999997,0.456290734219163,-11.2445527847417,-0.129993161793816,-0.597589786697554,8.4071393846769,9.06513657054043,N,T0
0.545000000000002,2.99773096493935,-9.44313432110003,-6.43574259338608,1.13926678723365,-2.90616211411269,13.1258262846461,N,T0
0.545000000000002,6.95021247633263,-15.8197492594471,1.51735972905192,-5.00313602329629,-1.61546161381112,5.44629211528786,N,T0
0.524999999999999,5.40052028692613,-16.0652436277597,-1.27275953353476,-0.802360958963648,-1.51668407324866,10.9298731497806,N,T0
0.535,17.165409565652,-1.44263088542614,-1.80877605829135,-6.53300481280433,-6.50337573309868,6.79615396435775,N,T0
0.535,-0.859581692385884,-11.2434242598195,3.93818022833567,-5.51370086056219,2.94902717304005,4.49258011627458,N,T0
0.52,5.72638912196696,-17.5708607732673,-0.0500835664273342,-1.61723850510131,4.42169794852318,6.30055955459475,N,T0
0.575,21.6570666681127,9.1706459702821,17.5507800631984,8.91897209270372,9.64715202441052,1.05328963109792,O,T0
0.565,-1.71867352585059,6.96388760044317,2.59353545327175,-2.17553054516401,8.56334995005201,-15.1811025476231,O,T0
0.595,-23.1336395583172,-17.4632357542447,1.7169988500965,-0.105169390192231,8.24873828790409,-7.52174687245107,O,T0
0.605,6.28924936331256,4.79170654261479,0.224263571481085,1.73856053630834,12.1321590182571,-4.1832138279475,O,T0
0.56,-15.2189764184938,2.01746312794895,-0.317658962138349,0.435661929087725,13.7920784207111,-11.8012305661223,O,T0
0.59,-17.7417973909601,-6.89652897273203,-1.63941719829719,6.2437523159305,7.17944756933523,-2.86310550072275,O,T0
0.575000000000001,14.9492345115347,11.7676447014334,11.8882192563545,0.28822913796283,20.9772227924888,-10.988483698546,O,T0
0.57,-31.2427397570017,2.5305948694869,3.45686345236885,5.9971567960588,11.2813229887335,-6.81221244077696,O,T0
0.59,-7.59686506419799,-10.1012953113295,1.03054222725834,3.54756279627084,7.45168349946085,-2.97224818219341,O,T0
0.59,-6.31531017839476,-12.3996496371197,-2.04600402511955,1.8829400955551,3.30063484646703,-8.16525222191892,O,T0
0.584999999999999,16.8628644897198,10.370521496277,-3.39256087502804,1.36731955059895,0.282026258857897,-4.37082516912075,O,T0
0.575000000000001,-27.4819020359675,-27.9283818304593,-6.30021198497362,0.857936127928735,-0.75564930532417,7.66988870660364,O,T0
0.604999999999999,16.6524011273431,2.44541957465234,-0.31134568858435,2.46019390237468,0.20265162104743,-6.24932319874708,O,T0
0.575000000000001,-4.28809086603958,2.6650855305227,1.79665423900146,1.319407879417,8.47050459331712,-3.42142761174843,O,T0
0.574999999999999,6.97959493182985,4.7336088439551,2.90787576451266,-3.671162911915,8.70598064247585,-14.4239056052322,O,T0
0.58,-17.2079927801755,10.1944029768882,11.0372315727706,0.888561960728747,11.981154459374,-4.55008264291291,O,T0
0.565000000000001,1.06673732797494,2.15702742848187,3.57710787433509,-2.74715000365856,13.1037217836747,-3.58237345572489,O,T0
0.584999999999997,-24.7261554800007,26.8101976285481,-0.607988880836412,3.68036411823682,5.26484090978931,2.99727732162439,O,T0
0.585000000000001,-13.367289121627,-9.47823753516097,-5.7408254351756,5.55568937906671,-2.57748388417281,-3.51441997710243,O,T0
0.580000000000002,-3.96258207295189,1.06933968884425,-0.64513891131884,5.12387032473938,5.40734510352962,-4.69442009429443,O,T0
0.565000000000001,10.9925875947463,6.12300292423949,-1.10569596558438,-3.86152693904513,5.24355289584676,-9.05316847984018,O,T0
0.589999999999996,-12.4161908348129,-2.3650885035716,8.63880113398187,2.85784907986361,10.3457518652354,-6.75337380850182,O,T0
0.575000000000003,-14.2380495861906,3.93914390951252,2.98937465833053,2.44198726921442,7.70042607201345,-11.3138820362527,O,T0
0.609999999999999,-19.7372041001899,-3.08081074277473,4.47539860652005,5.50097639814709,7.49911429632331,-3.92803968935932,O,T0
0.564999999999998,-2.95023220288917,0.617559148234392,0.054988152555385,1.89448479463726,8.79631485499927,-2.91033078473465,O,T0
0.595000000000002,-33.1490003524169,5.15721485784793,-1.84110632975196,4.98747044816551,-0.901993341248666,-3.72249782573384,O,T0
0.57,2.24949237011335,-26.7141375841277,3.97429024029806,-0.634703352790346,3.33097863523956,8.61721002546488,O,T0
0.594999999999999,-1.66771413165108,7.21179336736775,-8.73446548594724,3.86873533401746,1.28871209195351,-8.47497369329506,O,T0
0.59,-11.7183045097937,-12.565463752882,-11.8705494879002,-0.646545408656443,-5.24799435674257,-0.901325844332405,O,T0
0.609999999999999,6.10239918380572,-1.94689696909837,-4.31820321038664,2.41761279110226,-1.66260710773524,-1.57378718755861,O,T0
0.575000000000003,1.18308906415209,-4.11045519633945,-2.01643823483748,2.61474459684061,4.52498043572541,1.47141866516814,O,T0
0.584999999999997,-14.1352005427333,16.218776200133,-6.0159964279326,-3.38949061323405,5.97810728597823,-5.14978272521313,O,T0
0.585000000000001,33.2677309612932,10.2702169635716,12.4150824847912,7.22944262757311,12.2870767967067,15.6211314360276,O,T0
0.504999999999999,1.444315437082,-0.921950711509774,0.74337440109856,0.908878762795176,2.57756319457993,8.6132730288241,O,T0
0.539999999999999,-12.1354598711859,-4.46341605139118,-4.35577700120979,0.428183642051511,-1.69918635840333,1.86257961304557,O,T0
0.535,8.42377115822061,5.51330040039655,5.47554417308743,7.4191029237857,5.49671509375231,0.507730088973478,O,T0
0.52,10.9286255875449,0.4823141896742,5.27851505389406,0.651289481668364,6.07006389630606,8.95799806401569,O,T0
0.515000000000001,9.2994680492556,-8.56711144302704,6.98749097113036,-2.23985728578629,12.8217303229041,2.8815459846435,O,T0
0.534999999999997,10.9090426626053,-14.2362870687044,7.9183599999528,-2.23845257730403,11.8128131135284,9.44519998023528,O,T0
0.535000000000004,-0.44328464858949,-11.8701206208659,3.53343578521954,-0.952231082216588,1.65090508037055,8.18175744759814,O,T0
0.534999999999997,12.3266886879801,-14.9317869111616,5.2714030606041,-1.0906218774699,3.71900884862068,9.14957253248694,O,T0
0.530000000000001,3.62190078602199,-11.6466113273564,8.78959703213396,-2.15239049080702,4.46308041294488,3.95552772864221,O,T0
0.539999999999999,2.65478866092782,-4.41512224532337,2.03076242436876,-2.4582438430485,1.45405274629322,6.93835182876797,O,T0
0.539999999999999,1.90766617021187,-28.894825134313,3.57025649338019,-9.29358223987646,4.1331958202841,1.25643322239861,O,T0
0.530000000000001,3.66595816097632,1.00977524638644,1.33896775100566,0.547748031767181,1.3177688063491,7.05360997535664,O,T0
0.535,2.70715268778742,-25.5082216785113,-8.90615891665314,-7.47264147463795,-8.38596962965869,10.2638397916152,O,T0
0.540000000000003,2.99600914205135,-13.4723186168853,0.755284579438554,2.43679469427952,5.72267368210441,0.959933777782634,O,T0
0.534999999999997,0.456290734219163,-11.2445527847417,-0.129993161793816,-0.597589786697554,8.4071393846769,9.06513657054043,O,T0
0.545000000000002,2.99773096493935,-9.44313432110003,-6.43574259338608,1.13926678723365,-2.90616211411269,13.1258262846461,O,T0
0.545000000000002,6.95021247633263,-15.8197492594471,1.51735972905192,-5.00313602329629,-1.61546161381112,5.44629211528786,O,T0
0.524999999999999,5.40052028692613,-16.0652436277597,-1.27275953353476,-0.802360958963648,-1.51668407324866,10.9298731497806,O,T0
0.535,17.165409565652,-1.44263088542614,-1.80877605829135,-6.53300481280433,-6.50337573309868,6.79615396435775,O,T0
0.535,-0.859581692385884,-11.2434242598195,3.93818022833567,-5.51370086056219,2.94902717304005,4.49258011627458,O,T0
0.52,5.72638912196696,-17.5708607732673,-0.0500835664273342,-1.61723850510131,4.42169794852318,6.30055955459475,O,T0
